Workbook

Sheet Formulas
A1: Family | B1: Formula | C1: Result
A2: Math | B2: =SUM(Data!A1:A20) | C2: =SUM(Data!A1:A20)
A3: Math | B3: =SUMIF(Data!A1:A20,">10") | C3: =SUMIF(Data!A1:A20,">10")
A4: Math | B4: =SUMIFS(Data!A1:A20,Data!A1:A20,">5",Data!A1:A20,"<15") | C4: =SUMIFS(Data!A1:A20,Data!A1:A20,">5",Data!A1:A20,"<15")
A5: Math | B5: =SUMPRODUCT(Data!A1:A5,Data!A6:A10) | C5: =SUMPRODUCT(Data!A1:A5,Data!A6:A10)
A6: Math | B6: =ROUND(PI(),2) | C6: =ROUND(PI(),2)
A7: Math | B7: =ROUNDUP(2.341,1) | C7: =ROUNDUP(2.341,1)
A8: Math | B8: =ROUNDDOWN(2.349,2) | C8: =ROUNDDOWN(2.349,2)
A9: Math | B9: =MOD(17,5) | C9: =MOD(17,5)
A10: Math | B10: =INT(-3.7) | C10: =INT(-3.7)
A11: Math | B11: =TRUNC(-3.7) | C11: =TRUNC(-3.7)
A12: Math | B12: =ABS(-5) | C12: =ABS(-5)
A13: Math | B13: =SQRT(16) | C13: =SQRT(16)
A14: Math | B14: =POWER(2,10) | C14: =POWER(2,10)
A15: Math | B15: =EXP(1) | C15: =EXP(1)
A16: Math | B16: =LN(10) | C16: =LN(10)
A17: Math | B17: =LOG(1000) | C17: =LOG(1000)
A18: Math | B18: =LOG10(100) | C18: =LOG10(100)
A19: Math | B19: =LOG(8,2) | C19: =LOG(8,2)
A20: Math | B20: =PI() | C20: =PI()
A21: Math | B21: =CEILING(4.3,1) | C21: =CEILING(4.3,1)
A22: Math | B22: =FLOOR(4.7,1) | C22: =FLOOR(4.7,1)
A23: Math | B23: =MROUND(10,3) | C23: =MROUND(10,3)
A24: Math | B24: =SIGN(-2) | C24: =SIGN(-2)
A25: Math | B25: =FACT(5) | C25: =FACT(5)
A26: Math | B26: =COMBIN(5,2) | C26: =COMBIN(5,2)
A27: Math | B27: =GCD(12,18) | C27: =GCD(12,18)
A28: Math | B28: =LCM(4,6) | C28: =LCM(4,6)
A29: Math | B29: =SUBTOTAL(9,Data!A1:A20) | C29: =SUBTOTAL(9,Data!A1:A20)
A30: Math | B30: =SUBTOTAL(1,Data!A1:A20) | C30: =SUBTOTAL(1,Data!A1:A20)
A31: Math | B31: =AGGREGATE(9,6,Data!A1:A20) | C31: =AGGREGATE(9,6,Data!A1:A20)
A32: Math | B32: =PRODUCT(1,2,3,4) | C32: =PRODUCT(1,2,3,4)
A33: Math | B33: =QUOTIENT(17,5) | C33: =QUOTIENT(17,5)
A34: Math | B34: =EVEN(3) | C34: =EVEN(3)
A35: Math | B35: =ODD(4) | C35: =ODD(4)
A36: Math | B36: =RADIANS(180) | C36: =RADIANS(180)
A37: Math | B37: =DEGREES(PI()) | C37: =DEGREES(PI())
A38: Math | B38: =SIN(PI()/2) | C38: =SIN(PI()/2)
A39: Math | B39: =COS(0) | C39: =COS(0)
A40: Math | B40: =TAN(PI()/4) | C40: =TAN(PI()/4)
A41: Math | B41: =ASIN(1) | C41: =ASIN(1)
A42: Math | B42: =ACOS(0) | C42: =ACOS(0)
A43: Math | B43: =ATAN(1) | C43: =ATAN(1)
A44: Math | B44: =ATAN2(1,1) | C44: =ATAN2(1,1)
A45: Math | B45: =SINH(1) | C45: =SINH(1)
A46: Math | B46: =COSH(1) | C46: =COSH(1)
A47: Math | B47: =TANH(1) | C47: =TANH(1)
A48: Math | B48: =SUMSQ(1,2,3) | C48: =SUMSQ(1,2,3)
A49: Math | B49: =ROMAN(1999) | C49: =ROMAN(1999)
A50: Math | B50: =ARABIC("MCMXCIX") | C50: =_xlfn.ARABIC("MCMXCIX")
A51: Math | B51: =MULTINOMIAL(2,3) | C51: =MULTINOMIAL(2,3)
A52: Math | B52: =CEILING.MATH(4.3) | C52: =_xlfn.CEILING.MATH(4.3)
A53: Math | B53: =FLOOR.MATH(-4.3) | C53: =_xlfn.FLOOR.MATH(-4.3)
A54: Math | B54: =SQRTPI(1) | C54: =SQRTPI(1)
A55: Math | B55: =FACTDOUBLE(6) | C55: =FACTDOUBLE(6)
A56: Math | B56: =PERMUT(5,2) | C56: =PERMUT(5,2)
A57: Statistical | B57: =AVERAGE(Data!A1:A20) | C57: =AVERAGE(Data!A1:A20)
A58: Statistical | B58: =AVERAGEIF(Data!A1:A20,">10") | C58: =AVERAGEIF(Data!A1:A20,">10")
A59: Statistical | B59: =AVERAGEIFS(Data!A1:A20,Data!A1:A20,">2",Data!A1:A20,"<18") | C59: =AVERAGEIFS(Data!A1:A20,Data!A1:A20,">2",Data!A1:A20,"<18")
A60: Statistical | B60: =COUNT(Data!A1:C20) | C60: =COUNT(Data!A1:C20)
A61: Statistical | B61: =COUNTA(Data!A1:C20) | C61: =COUNTA(Data!A1:C20)
A62: Statistical | B62: =COUNTBLANK(Data!D1:D20) | C62: =COUNTBLANK(Data!D1:D20)
A63: Statistical | B63: =COUNTIF(Data!B1:B20,"a*") | C63: =COUNTIF(Data!B1:B20,"a*")
A64: Statistical | B64: =COUNTIFS(Data!A1:A20,">5",Data!B1:B20,"<>") | C64: =COUNTIFS(Data!A1:A20,">5",Data!B1:B20,"<>")
A65: Statistical | B65: =MIN(Data!A1:A20) | C65: =MIN(Data!A1:A20)
A66: Statistical | B66: =MAX(Data!A1:A20) | C66: =MAX(Data!A1:A20)
A67: Statistical | B67: =MEDIAN(Data!A1:A20) | C67: =MEDIAN(Data!A1:A20)
A68: Statistical | B68: =MODE(1,2,2,3) | C68: =MODE(1,2,2,3)
A69: Statistical | B69: =MODE.SNGL(1,2,2,3) | C69: =_xlfn.MODE.SNGL(1,2,2,3)
A70: Statistical | B70: =STDEV(Data!A1:A20) | C70: =STDEV(Data!A1:A20)
A71: Statistical | B71: =STDEV.S(Data!A1:A20) | C71: =_xlfn.STDEV.S(Data!A1:A20)
A72: Statistical | B72: =STDEV.P(Data!A1:A20) | C72: =_xlfn.STDEV.P(Data!A1:A20)
A73: Statistical | B73: =VAR(Data!A1:A20) | C73: =VAR(Data!A1:A20)
A74: Statistical | B74: =VAR.S(Data!A1:A20) | C74: =_xlfn.VAR.S(Data!A1:A20)
A75: Statistical | B75: =VAR.P(Data!A1:A20) | C75: =_xlfn.VAR.P(Data!A1:A20)
A76: Statistical | B76: =LARGE(Data!A1:A20,2) | C76: =LARGE(Data!A1:A20,2)
A77: Statistical | B77: =SMALL(Data!A1:A20,2) | C77: =SMALL(Data!A1:A20,2)
A78: Statistical | B78: =RANK(5,Data!A1:A20) | C78: =RANK(5,Data!A1:A20)
A79: Statistical | B79: =RANK.EQ(5,Data!A1:A20) | C79: =_xlfn.RANK.EQ(5,Data!A1:A20)
A80: Statistical | B80: =PERCENTILE(Data!A1:A20,0.9) | C80: =PERCENTILE(Data!A1:A20,0.9)
A81: Statistical | B81: =PERCENTILE.INC(Data!A1:A20,0.9) | C81: =_xlfn.PERCENTILE.INC(Data!A1:A20,0.9)
A82: Statistical | B82: =QUARTILE(Data!A1:A20,1) | C82: =QUARTILE(Data!A1:A20,1)
A83: Statistical | B83: =QUARTILE.INC(Data!A1:A20,3) | C83: =_xlfn.QUARTILE.INC(Data!A1:A20,3)
A84: Statistical | B84: =CORREL(Data!A1:A10,Data!A11:A20) | C84: =CORREL(Data!A1:A10,Data!A11:A20)
A85: Statistical | B85: =FORECAST(5,Data!A1:A10,Data!A11:A20) | C85: =FORECAST(5,Data!A1:A10,Data!A11:A20)
A86: Statistical | B86: =NORM.DIST(1,0,1,TRUE) | C86: =_xlfn.NORM.DIST(1,0,1,TRUE)
A87: Statistical | B87: =NORMSDIST(1) | C87: =NORMSDIST(1)
A88: Statistical | B88: =NORM.INV(0.9,0,1) | C88: =_xlfn.NORM.INV(0.9,0,1)
A89: Statistical | B89: =T.DIST(1,10,TRUE) | C89: =_xlfn.T.DIST(1,10,TRUE)
A90: Statistical | B90: =MAXA(Data!A1:A20) | C90: =MAXA(Data!A1:A20)
A91: Statistical | B91: =MINA(Data!A1:A20) | C91: =MINA(Data!A1:A20)
A92: Statistical | B92: =AVERAGEA(Data!A1:A20) | C92: =AVERAGEA(Data!A1:A20)
A93: Statistical | B93: =GEOMEAN(1,2,4) | C93: =GEOMEAN(1,2,4)
A94: Statistical | B94: =HARMEAN(1,2,4) | C94: =HARMEAN(1,2,4)
A95: Statistical | B95: =DEVSQ(Data!A1:A20) | C95: =DEVSQ(Data!A1:A20)
A96: Statistical | B96: =SLOPE(Data!A1:A10,Data!A11:A20) | C96: =SLOPE(Data!A1:A10,Data!A11:A20)
A97: Statistical | B97: =INTERCEPT(Data!A1:A10,Data!A11:A20) | C97: =INTERCEPT(Data!A1:A10,Data!A11:A20)
A98: Statistical | B98: =RSQ(Data!A1:A10,Data!A11:A20) | C98: =RSQ(Data!A1:A10,Data!A11:A20)
A99: Statistical | B99: =MAXIFS(Data!A1:A20,Data!A1:A20,"<10") | C99: =_xlfn.MAXIFS(Data!A1:A20,Data!A1:A20,"<10")
A100: Statistical | B100: =MINIFS(Data!A1:A20,Data!A1:A20,">10") | C100: =_xlfn.MINIFS(Data!A1:A20,Data!A1:A20,">10")
...

Sheet Data
A1: 1 | B1: alpha | C1: 46037 | F1: Item | G1: Qty | H1: Price | J1: -10000 | K1: 46023
A2: 2 | B2: beta | C2: 46044 | F2: Apple | G2: 10 | H2: 0.5 | J2: 2750 | K2: 46242
A3: 3 | B3: gamma | C3: 46051 | F3: Pear | G3: 4 | H3: 0.75 | J3: 4250 | K3: 46461
A4: 4 | B4: delta | C4: 46058 | F4: Apple | G4: 7 | H4: 0.55 | J4: 3250 | K4: 46680
A5: 5 | B5: epsilon | C5: 46065 | F5: Plum | G5: 12 | H5: 0.3 | J5: 2750 | K5: 46899
A6: 6 | B6: zeta | C6: 46072 | F6: Pear | G6: 9 | H6: 0.8
A7: 7 | B7: eta | C7: 46079 | F7: Apple | G7: 3 | H7: 0.6
A8: 8 | B8: theta | C8: 46086 | F8: Fig | G8: 6 | H8: 1.2
A9: 9 | B9: iota | C9: 46093
A10: 10 | B10: kappa | C10: 46100 | F10: Item
A11: 11 | B11: alpha11 | C11: 46107 | F11: Apple
A12: 12 | B12: beta12 | C12: 46114
A13: 13 | B13: gamma13 | C13: 46121 | F13: Item
A14: 14 | B14: delta14 | C14: 46128 | F14: Fig
A15: 15 | B15: epsilon15 | C15: 46135
A16: 16 | B16: zeta16 | C16: 46142
A17: 17 | B17: eta17 | C17: 46149
A18: 18 | B18: theta18 | C18: 46156
A19: 19 | B19: iota19 | C19: 46163
A20: 20 | B20: kappa20 | C20: 46170
